{
    "m_Version": 6,
    "m_DisplayName": "Vorkuta Trading Zone",
    "Position": [
        6886.212890625,
        16.201807022094728,
        10739.1416015625
    ],
    "Radius": 75.0,
    "BuyPricePercent": 100.0,
    "SellPricePercent": -1.0,
    "Stock": {}
}