{
    "m_Version": 7,
    "SpawnLocations": [
        {
            "Name": "Lubjansk",
            "Positions": [
                [
                    6001.99560546875,
                    2.6857309341430666,
                    11810.5146484375
                ],
                [
                    6070.703125,
                    2.419811964035034,
                    11857.98046875
                ],
                [
                    6120.42724609375,
                    2.542685031890869,
                    11909.2138671875
                ],
                [
                    6182.05908203125,
                    1.9889639616012574,
                    11946.935546875
                ],
                [
                    6240.59716796875,
                    1.8543750047683716,
                    11944.2412109375
                ],
                [
                    6334.20458984375,
                    2.814608097076416,
                    11950.6953125
                ],
                [
                    6397.2646484375,
                    2.4272589683532717,
                    11974.2080078125
                ],
                [
                    6453.96142578125,
                    2.9994590282440187,
                    11997.404296875
                ],
                [
                    6532.93994140625,
                    1.8888219594955445,
                    12048.6181640625
                ],
                [
                    6614.89404296875,
                    2.2469780445098879,
                    12016.8154296875
                ],
                [
                    6711.06103515625,
                    1.821189045906067,
                    11977.5927734375
                ],
                [
                    6799.87158203125,
                    7.757497787475586,
                    11967.16015625
                ],
                [
                    6993.54736328125,
                    2.6435070037841799,
                    11925.248046875
                ],
                [
                    7086.6318359375,
                    2.728105068206787,
                    11897.6015625
                ],
                [
                    7220.49755859375,
                    1.4266029596328736,
                    11889.6220703125
                ],
                [
                    7303.1875,
                    2.8788230419158937,
                    11881.951171875
                ],
                [
                    7418.36572265625,
                    2.204709053039551,
                    11854.5478515625
                ],
                [
                    7516.029296875,
                    1.7013369798660279,
                    11800.65625
                ],
                [
                    7665.19482421875,
                    2.5587210655212404,
                    11813.7861328125
                ],
                [
                    7766.9501953125,
                    1.250473976135254,
                    11752.501953125
                ]
            ],
            "UseCooldown": 1
        },
        {
            "Name": "Jalovisko",
            "Positions": [
                [
                    8625.4609375,
                    3.8316240310668947,
                    11224.921875
                ],
                [
                    8694.84765625,
                    3.7231268882751467,
                    11138.439453125
                ],
                [
                    8622.5458984375,
                    2.531196117401123,
                    11054.5390625
                ],
                [
                    8673.8349609375,
                    1.655311942100525,
                    10926.9091796875
                ],
                [
                    8763.146484375,
                    2.962096929550171,
                    10880.0478515625
                ],
                [
                    8831.3359375,
                    3.817107915878296,
                    10787.751953125
                ]
            ],
            "UseCooldown": 1
        },
        {
            "Name": "Nemsk",
            "Positions": [
                [
                    9106.095703125,
                    1.9587279558181763,
                    10311.0205078125
                ],
                [
                    9140.91015625,
                    2.1978089809417726,
                    10249.2109375
                ],
                [
                    9155.1357421875,
                    1.4949209690093995,
                    10173.037109375
                ],
                [
                    9141.45703125,
                    0.9931150078773499,
                    10123.3115234375
                ],
                [
                    9071.8291015625,
                    1.6556110382080079,
                    10005.5830078125
                ],
                [
                    9029.701171875,
                    2.6186370849609377,
                    9954.76953125
                ],
                [
                    8995.2685546875,
                    2.6617350578308107,
                    9906.744140625
                ],
                [
                    8928.2802734375,
                    3.379394054412842,
                    9872.8798828125
                ]
            ],
            "UseCooldown": 1
        }
    ],
    "StartingClothing": {
        "EnableCustomClothing": 1,
        "SetRandomHealth": 1,
        "Headgear": [],
        "Glasses": [],
        "Masks": [],
        "Tops": [
            "TShirt_Green",
            "TShirt_Blue",
            "TShirt_Black",
            "TShirt_Beige",
            "TShirt_Red",
            "TShirt_OrangeWhiteStripes",
            "TShirt_White",
            "TShirt_Red",
            "TShirt_Grey",
            "TShirt_RedBlackStripes"
        ],
        "Vests": [],
        "Gloves": [],
        "Pants": [
            "CanvasPants_Beige",
            "CanvasPants_Blue",
            "CanvasPants_Grey",
            "CanvasPants_Red",
            "CanvasPants_Violet",
            "CanvasPantsMidi_Beige",
            "CanvasPantsMidi_Blue",
            "CanvasPantsMidi_Grey",
            "CanvasPantsMidi_Red",
            "CanvasPantsMidi_Violet"
        ],
        "Belts": [],
        "Shoes": [
            "AthleticShoes_Blue",
            "AthleticShoes_Grey",
            "AthleticShoes_Brown",
            "AthleticShoes_Green",
            "AthleticShoes_Black"
        ],
        "Armbands": [],
        "Backpacks": []
    },
    "EnableSpawnSelection": 1,
    "SpawnOnTerritory": 0,
    "StartingGear": {
        "EnableStartingGear": 1,
        "ApplyEnergySources": 1,
        "SetRandomHealth": 1,
        "UpperGear": [
            {
                "ClassName": "Rag",
                "Quantity": 4,
                "Attachments": []
            },
            {
                "ClassName": "Apple",
                "Quantity": -1,
                "Attachments": []
            },
            {
                "ClassName": "RoadFlare",
                "Quantity": 2,
                "Attachments": []
            }
        ],
        "PantsGear": [
            {
                "ClassName": "SuperHeatpack",
                "Quantity": -1,
                "Attachments": []
            }
        ],
        "BackpackGear": [],
        "VestGear": [],
        "PrimaryWeapon": {},
        "SecondaryWeapon": {}
    },
    "UseLoadouts": 0,
    "MaleLoadouts": [
        {
            "Loadout": "PlayerSurvivorLoadout",
            "Chance": 1.0
        }
    ],
    "FemaleLoadouts": [
        {
            "Loadout": "PlayerSurvivorLoadout",
            "Chance": 1.0
        }
    ],
    "SpawnHealthValue": 100.0,
    "SpawnEnergyValue": 1100.0,
    "SpawnWaterValue": 900.0,
    "EnableRespawnCooldowns": 1,
    "RespawnCooldown": 120,